<?xml version="1.0" encoding="UTF-8"?>
<project-private xmlns="http://www.netbeans.org/ns/project-private/1">
    <editor-bookmarks xmlns="http://www.netbeans.org/ns/editor-bookmarks/2" lastBookmarkId="0"/>
    <open-files xmlns="http://www.netbeans.org/ns/projectui-open-files/2">
        <group>
            <file>file:/C:/Users/Joel/Desktop/git/github.com/joestr/5BHIF_POS1/07PLF_Client/src/pkg07plf_client/data/VillagePosition.java</file>
            <file>file:/C:/Users/Joel/Desktop/git/github.com/joestr/5BHIF_POS1/07PLF_Client/src/pkg07plf_client/controller/WebServiceController.java</file>
            <file>file:/C:/Users/Joel/Desktop/git/github.com/joestr/5BHIF_POS1/07PLF_Client/src/pkg07plf_client/data/DriverPosition.java</file>
            <file>file:/C:/Users/Joel/Desktop/git/github.com/joestr/5BHIF_POS1/07PLF_Client/src/pkg07plf_client/Main.java</file>
        </group>
    </open-files>
</project-private>
